 {
        "type": "FeatureCollection",
        "features": [
            {
                "type": "Feature",
                "id": "Q5783",
                "properties": {},
                "geometry": {
                    "type": "MultiPolygon",
                    "coordinates": [
                        [
                            [
                                [
                                    -7.522686307,
                                    37.555168592
                                ],
                                [
                                    -7.519380568,
                                    37.559446548
                                ],
                                [
                                    -7.506656168,
                                    37.55736683
                                ],
                                [
                                    -7.507519253,
                                    37.566804434
                                ],
                                [
                                    -7.515459011,
                                    37.569262679
                                ],
                                [
                                    -7.50127616,
                                    37.578000058
                                ],
                                [
                                    -7.496522028,
                                    37.594689517
                                ],
                                [
                                    -7.503753348,
                                    37.604792896
                                ],
                                [
                                    -7.488765834,
                                    37.60399167
                                ],
                                [
                                    -7.482266004,
                                    37.624045457
                                ],
                                [
                                    -7.470285917,
                                    37.625034521
                                ],
                                [
                                    -7.467189055,
                                    37.649370874
                                ],
                                [
                                    -7.454349321,
                                    37.646345678
                                ],
                                [
                                    -7.45563435,
                                    37.662228965
                                ],
                                [
                                    -7.44357078,
                                    37.664606241
                                ],
                                [
                                    -7.452250576,
                                    37.677381183
                                ],
                                [
                                    -7.443801701,
                                    37.688565324
                                ],
                                [
                                    -7.447812023,
                                    37.697540163
                                ],
                                [
                                    -7.439382259,
                                    37.700350951
                                ],
                                [
                                    -7.428581758,
                                    37.740971749
                                ],
                                [
                                    -7.418678958,
                                    37.743841042
                                ],
                                [
                                    -7.421372148,
                                    37.758941795
                                ],
                                [
                                    -7.407604033,
                                    37.767165448
                                ],
                                [
                                    -7.396641929,
                                    37.763948892
                                ],
                                [
                                    -7.366114199,
                                    37.792741065
                                ],
                                [
                                    -7.324337034,
                                    37.815819881
                                ],
                                [
                                    -7.28351398,
                                    37.86886048
                                ],
                                [
                                    -7.282156363,
                                    37.897648546
                                ],
                                [
                                    -7.27362652,
                                    37.899067267
                                ],
                                [
                                    -7.262011046,
                                    37.924164026
                                ],
                                [
                                    -7.255056748,
                                    37.922727368
                                ],
                                [
                                    -7.25774407,
                                    37.933072229
                                ],
                                [
                                    -7.248297414,
                                    37.954493188
                                ],
                                [
                                    -7.249674226,
                                    37.966893627
                                ],
                                [
                                    -7.262432907,
                                    37.97985557
                                ],
                                [
                                    -7.245680249,
                                    37.992185517
                                ],
                                [
                                    -7.226708146,
                                    37.988118031
                                ],
                                [
                                    -7.202262577,
                                    38.003424225
                                ],
                                [
                                    -7.187033329,
                                    38.002733053
                                ],
                                [
                                    -7.173444672,
                                    37.992828493
                                ],
                                [
                                    -7.156222711,
                                    37.994011264
                                ],
                                [
                                    -7.145135213,
                                    38.002933883
                                ],
                                [
                                    -7.137310539,
                                    37.998995898
                                ],
                                [
                                    -7.12070624,
                                    38.004632895
                                ],
                                [
                                    -7.12905646,
                                    38.010760569
                                ],
                                [
                                    -7.128319439,
                                    38.029504768
                                ],
                                [
                                    -7.098687819,
                                    38.043822148
                                ],
                                [
                                    -7.082743008,
                                    38.033705694
                                ],
                                [
                                    -7.067219304,
                                    38.033575439
                                ],
                                [
                                    -7.063446777,
                                    38.019625773
                                ],
                                [
                                    -7.046775004,
                                    38.01424895
                                ],
                                [
                                    -7.02500695,
                                    38.024665057
                                ],
                                [
                                    -7.002008014,
                                    38.022391382
                                ],
                                [
                                    -7.002069872,
                                    38.044687496
                                ],
                                [
                                    -6.989827851,
                                    38.055572319
                                ],
                                [
                                    -6.987794569,
                                    38.101979983
                                ],
                                [
                                    -6.970617702,
                                    38.110487866
                                ],
                                [
                                    -6.958005369,
                                    38.137043747
                                ],
                                [
                                    -6.958958727,
                                    38.150063357
                                ],
                                [
                                    -6.95217542,
                                    38.15277834
                                ],
                                [
                                    -6.968371436,
                                    38.159271046
                                ],
                                [
                                    -6.969144918,
                                    38.166312766
                                ],
                                [
                                    -6.931521069,
                                    38.208307359
                                ],
                                [
                                    -6.923272019,
                                    38.200571952
                                ],
                                [
                                    -6.902483558,
                                    38.201806019
                                ],
                                [
                                    -6.848429252,
                                    38.177235895
                                ],
                                [
                                    -6.822369915,
                                    38.173818174
                                ],
                                [
                                    -6.795092436,
                                    38.178541041
                                ],
                                [
                                    -6.799540376,
                                    38.143797969
                                ],
                                [
                                    -6.815815015,
                                    38.120137868
                                ],
                                [
                                    -6.807820104,
                                    38.11111039
                                ],
                                [
                                    -6.770054769,
                                    38.112113117
                                ],
                                [
                                    -6.773638703,
                                    38.104665545
                                ],
                                [
                                    -6.764929235,
                                    38.10599919
                                ],
                                [
                                    -6.770087458,
                                    38.099455941
                                ],
                                [
                                    -6.758217007,
                                    38.092711191
                                ],
                                [
                                    -6.731991122,
                                    38.090052619
                                ],
                                [
                                    -6.729394576,
                                    38.09950355
                                ],
                                [
                                    -6.719750358,
                                    38.100620271
                                ],
                                [
                                    -6.71504065,
                                    38.092490998
                                ],
                                [
                                    -6.691820432,
                                    38.094943962
                                ],
                                [
                                    -6.688666824,
                                    38.10023177
                                ],
                                [
                                    -6.660367927,
                                    38.09237055
                                ],
                                [
                                    -6.653027056,
                                    38.096481874
                                ],
                                [
                                    -6.649297109,
                                    38.090021773
                                ],
                                [
                                    -6.642056318,
                                    38.097534389
                                ],
                                [
                                    -6.622104203,
                                    38.097007671
                                ],
                                [
                                    -6.580529042,
                                    38.052771925
                                ],
                                [
                                    -6.587174047,
                                    38.026778218
                                ],
                                [
                                    -6.582329475,
                                    38.02084534
                                ],
                                [
                                    -6.545693349,
                                    38.028118736
                                ],
                                [
                                    -6.495041173,
                                    38.019132582
                                ],
                                [
                                    -6.491735183,
                                    38.009465397
                                ],
                                [
                                    -6.476560166,
                                    38.007834363
                                ],
                                [
                                    -6.465321962,
                                    38.011211264
                                ],
                                [
                                    -6.472595442,
                                    38.016464873
                                ],
                                [
                                    -6.469620453,
                                    38.031119961
                                ],
                                [
                                    -6.443608809,
                                    38.046957147
                                ],
                                [
                                    -6.452439228,
                                    38.05595906
                                ],
                                [
                                    -6.413902506,
                                    38.058562982
                                ],
                                [
                                    -6.390111564,
                                    38.048432446
                                ],
                                [
                                    -6.36724657,
                                    38.048918932
                                ],
                                [
                                    -6.352706315,
                                    38.007397666
                                ],
                                [
                                    -6.32695451,
                                    37.996904277
                                ],
                                [
                                    -6.303625327,
                                    37.978336769
                                ],
                                [
                                    -6.252575848,
                                    37.971589086
                                ],
                                [
                                    -6.234009933,
                                    37.958019623
                                ],
                                [
                                    -6.201516815,
                                    37.962062298
                                ],
                                [
                                    -6.195989201,
                                    37.948743538
                                ],
                                [
                                    -6.18023994,
                                    37.941025985
                                ],
                                [
                                    -6.167815445,
                                    37.955821636
                                ],
                                [
                                    -6.153806854,
                                    37.957648891
                                ],
                                [
                                    -6.148988433,
                                    37.966319048
                                ],
                                [
                                    -6.118724063,
                                    37.980478178
                                ],
                                [
                                    -6.077851556,
                                    37.984627723
                                ],
                                [
                                    -6.051709071,
                                    37.996841832
                                ],
                                [
                                    -6.006275635,
                                    37.991408683
                                ],
                                [
                                    -5.993502704,
                                    37.999546169
                                ],
                                [
                                    -5.969087226,
                                    38.000012371
                                ],
                                [
                                    -5.953439973,
                                    37.994232546
                                ],
                                [
                                    -5.932761231,
                                    38.030765238
                                ],
                                [
                                    -5.934224209,
                                    38.046874418
                                ],
                                [
                                    -5.919278102,
                                    38.049796685
                                ],
                                [
                                    -5.90898194,
                                    38.062846135
                                ],
                                [
                                    -5.910809865,
                                    38.078198848
                                ],
                                [
                                    -5.929304283,
                                    38.089208561
                                ],
                                [
                                    -5.926377825,
                                    38.105012723
                                ],
                                [
                                    -5.912518851,
                                    38.122971538
                                ],
                                [
                                    -5.880664602,
                                    38.132280731
                                ],
                                [
                                    -5.877376214,
                                    38.155715023
                                ],
                                [
                                    -5.856236551,
                                    38.161664331
                                ],
                                [
                                    -5.854040576,
                                    38.170898757
                                ],
                                [
                                    -5.83818168,
                                    38.174896087
                                ],
                                [
                                    -5.82348066,
                                    38.169419938
                                ],
                                [
                                    -5.822315156,
                                    38.175138575
                                ],
                                [
                                    -5.810996821,
                                    38.178193695
                                ],
                                [
                                    -5.810877882,
                                    38.173096157
                                ],
                                [
                                    -5.804009583,
                                    38.177919188
                                ],
                                [
                                    -5.799047245,
                                    38.174131992
                                ],
                                [
                                    -5.781735429,
                                    38.185625677
                                ],
                                [
                                    -5.75640557,
                                    38.179973844
                                ],
                                [
                                    -5.749923257,
                                    38.189443718
                                ],
                                [
                                    -5.728259642,
                                    38.197090025
                                ],
                                [
                                    -5.713828938,
                                    38.185505732
                                ],
                                [
                                    -5.694013532,
                                    38.185654846
                                ],
                                [
                                    -5.69895282,
                                    38.180919155
                                ],
                                [
                                    -5.688612066,
                                    38.18187729
                                ],
                                [
                                    -5.684242831,
                                    38.157063923
                                ],
                                [
                                    -5.694319555,
                                    38.171089529
                                ],
                                [
                                    -5.705206307,
                                    38.169255317
                                ],
                                [
                                    -5.694710571,
                                    38.150345828
                                ],
                                [
                                    -5.715479754,
                                    38.133913777
                                ],
                                [
                                    -5.736002173,
                                    38.135353285
                                ],
                                [
                                    -5.740737362,
                                    38.126539043
                                ],
                                [
                                    -5.734900037,
                                    38.086255365
                                ],
                                [
                                    -5.710425801,
                                    38.081046851
                                ],
                                [
                                    -5.693631066,
                                    38.083739788
                                ],
                                [
                                    -5.63250084,
                                    38.138556848
                                ],
                                [
                                    -5.584788533,
                                    38.131705565
                                ],
                                [
                                    -5.585641475,
                                    38.140354767
                                ],
                                [
                                    -5.575859962,
                                    38.149643257
                                ],
                                [
                                    -5.560098883,
                                    38.148564254
                                ],
                                [
                                    -5.55068106,
                                    38.160554818
                                ],
                                [
                                    -5.539672939,
                                    38.160685324
                                ],
                                [
                                    -5.535784574,
                                    38.16868057
                                ],
                                [
                                    -5.543708574,
                                    38.184854123
                                ],
                                [
                                    -5.536737177,
                                    38.191870949
                                ],
                                [
                                    -5.538707344,
                                    38.200604557
                                ],
                                [
                                    -5.520426916,
                                    38.207567069
                                ],
                                [
                                    -5.522496743,
                                    38.238401325
                                ],
                                [
                                    -5.530036181,
                                    38.255187595
                                ],
                                [
                                    -5.525957631,
                                    38.264123625
                                ],
                                [
                                    -5.544398405,
                                    38.282331466
                                ],
                                [
                                    -5.551231667,
                                    38.310979889
                                ],
                                [
                                    -5.575647732,
                                    38.329106341
                                ],
                                [
                                    -5.566911023,
                                    38.362545525
                                ],
                                [
                                    -5.559247868,
                                    38.366884836
                                ],
                                [
                                    -5.585066058,
                                    38.385843192
                                ],
                                [
                                    -5.568920333,
                                    38.43259133
                                ],
                                [
                                    -5.519214641,
                                    38.463467495
                                ],
                                [
                                    -5.503932504,
                                    38.456659043
                                ],
                                [
                                    -5.491138367,
                                    38.466464696
                                ],
                                [
                                    -5.484454637,
                                    38.463389962
                                ],
                                [
                                    -5.47948836,
                                    38.484678236
                                ],
                                [
                                    -5.468896316,
                                    38.485010159
                                ],
                                [
                                    -5.458234452,
                                    38.499479671
                                ],
                                [
                                    -5.43464325,
                                    38.504387443
                                ],
                                [
                                    -5.427809736,
                                    38.514638846
                                ],
                                [
                                    -5.41861747,
                                    38.5127297
                                ],
                                [
                                    -5.416532807,
                                    38.520350275
                                ],
                                [
                                    -5.409429144,
                                    38.521244456
                                ],
                                [
                                    -5.41602545,
                                    38.530208986
                                ],
                                [
                                    -5.403426528,
                                    38.53627983
                                ],
                                [
                                    -5.406931672,
                                    38.543695384
                                ],
                                [
                                    -5.397641925,
                                    38.546552942
                                ],
                                [
                                    -5.383168977,
                                    38.540478158
                                ],
                                [
                                    -5.392720323,
                                    38.553483435
                                ],
                                [
                                    -5.383576672,
                                    38.555949475
                                ],
                                [
                                    -5.389806941,
                                    38.562174631
                                ],
                                [
                                    -5.375686033,
                                    38.56826467
                                ],
                                [
                                    -5.371748131,
                                    38.583571618
                                ],
                                [
                                    -5.30851388,
                                    38.577618539
                                ],
                                [
                                    -5.310230577,
                                    38.593577934
                                ],
                                [
                                    -5.292237062,
                                    38.610807942
                                ],
                                [
                                    -5.254428308,
                                    38.625724628
                                ],
                                [
                                    -5.253996054,
                                    38.633193574
                                ],
                                [
                                    -5.244698679,
                                    38.632327053
                                ],
                                [
                                    -5.247460516,
                                    38.639842687
                                ],
                                [
                                    -5.239115577,
                                    38.636749932
                                ],
                                [
                                    -5.22290791,
                                    38.648348977
                                ],
                                [
                                    -5.223775437,
                                    38.656712021
                                ],
                                [
                                    -5.214745277,
                                    38.648566823
                                ],
                                [
                                    -5.208484582,
                                    38.667696924
                                ],
                                [
                                    -5.199983824,
                                    38.656567266
                                ],
                                [
                                    -5.196875982,
                                    38.667302975
                                ],
                                [
                                    -5.184233138,
                                    38.659727746
                                ],
                                [
                                    -5.179071227,
                                    38.665725752
                                ],
                                [
                                    -5.185763925,
                                    38.674169765
                                ],
                                [
                                    -5.167321643,
                                    38.680468849
                                ],
                                [
                                    -5.184504628,
                                    38.719695486
                                ],
                                [
                                    -5.166607253,
                                    38.711666963
                                ],
                                [
                                    -5.11900148,
                                    38.71614357
                                ],
                                [
                                    -5.099189846,
                                    38.707652786
                                ],
                                [
                                    -5.046948461,
                                    38.729087324
                                ],
                                [
                                    -5.024695681,
                                    38.726438643
                                ],
                                [
                                    -5.008025249,
                                    38.715228853
                                ],
                                [
                                    -5.000435352,
                                    38.701212467
                                ],
                                [
                                    -5.004599649,
                                    38.695095019
                                ],
                                [
                                    -4.940869944,
                                    38.681527986
                                ],
                                [
                                    -4.876969918,
                                    38.686094028
                                ],
                                [
                                    -4.868880208,
                                    38.68093438
                                ],
                                [
                                    -4.867496608,
                                    38.631631355
                                ],
                                [
                                    -4.860170908,
                                    38.613978648
                                ],
                                [
                                    -4.835198871,
                                    38.607524582
                                ],
                                [
                                    -4.821208134,
                                    38.596488382
                                ],
                                [
                                    -4.787544567,
                                    38.597052316
                                ],
                                [
                                    -4.733406441,
                                    38.574644891
                                ],
                                [
                                    -4.707366382,
                                    38.571945583
                                ],
                                [
                                    -4.70053094,
                                    38.560492634
                                ],
                                [
                                    -4.703950254,
                                    38.553170958
                                ],
                                [
                                    -4.662934333,
                                    38.546236442
                                ],
                                [
                                    -4.63252462,
                                    38.524595374
                                ],
                                [
                                    -4.622779317,
                                    38.523793645
                                ],
                                [
                                    -4.609016735,
                                    38.495021086
                                ],
                                [
                                    -4.593691179,
                                    38.486381523
                                ],
                                [
                                    -4.584416519,
                                    38.493211768
                                ],
                                [
                                    -4.57180603,
                                    38.487497238
                                ],
                                [
                                    -4.566297108,
                                    38.490941362
                                ],
                                [
                                    -4.559138041,
                                    38.476888933
                                ],
                                [
                                    -4.541487932,
                                    38.481898546
                                ],
                                [
                                    -4.535308625,
                                    38.469994483
                                ],
                                [
                                    -4.512691317,
                                    38.463854487
                                ],
                                [
                                    -4.452987607,
                                    38.400871023
                                ],
                                [
                                    -4.435173129,
                                    38.402234842
                                ],
                                [
                                    -4.406448766,
                                    38.383126785
                                ],
                                [
                                    -4.389365861,
                                    38.386051818
                                ],
                                [
                                    -4.331997852,
                                    38.360664458
                                ],
                                [
                                    -4.320526212,
                                    38.362371265
                                ],
                                [
                                    -4.287330355,
                                    38.3427613
                                ],
                                [
                                    -4.276384931,
                                    38.350892333
                                ],
                                [
                                    -4.268870052,
                                    38.347170935
                                ],
                                [
                                    -4.276800254,
                                    38.390206057
                                ],
                                [
                                    -4.257783643,
                                    38.401577282
                                ],
                                [
                                    -4.156557075,
                                    38.381324844
                                ],
                                [
                                    -4.144925005,
                                    38.386431518
                                ],
                                [
                                    -4.128546515,
                                    38.379453081
                                ],
                                [
                                    -4.059422971,
                                    38.378971457
                                ],
                                [
                                    -4.006447248,
                                    38.368074061
                                ],
                                [
                                    -3.915120378,
                                    38.368814183
                                ],
                                [
                                    -3.874181151,
                                    38.377030543
                                ],
                                [
                                    -3.854284524,
                                    38.375140676
                                ],
                                [
                                    -3.830561224,
                                    38.39290285
                                ],
                                [
                                    -3.830056047,
                                    38.412795873
                                ],
                                [
                                    -3.785612262,
                                    38.425268648
                                ],
                                [
                                    -3.76491332,
                                    38.424360217
                                ],
                                [
                                    -3.739064117,
                                    38.413757026
                                ],
                                [
                                    -3.730007639,
                                    38.424366839
                                ],
                                [
                                    -3.704868048,
                                    38.41304448
                                ],
                                [
                                    -3.648219961,
                                    38.404552941
                                ],
                                [
                                    -3.620471671,
                                    38.39398772
                                ],
                                [
                                    -3.598236242,
                                    38.39847405
                                ],
                                [
                                    -3.58584561,
                                    38.405601937
                                ],
                                [
                                    -3.583076061,
                                    38.451468884
                                ],
                                [
                                    -3.541888562,
                                    38.44538488
                                ],
                                [
                                    -3.532615076,
                                    38.434063192
                                ],
                                [
                                    -3.528442732,
                                    38.408640963
                                ],
                                [
                                    -3.50592081,
                                    38.408010141
                                ],
                                [
                                    -3.472594782,
                                    38.397956132
                                ],
                                [
                                    -3.451698446,
                                    38.40031832
                                ],
                                [
                                    -3.424823634,
                                    38.406799124
                                ],
                                [
                                    -3.41039578,
                                    38.423558739
                                ],
                                [
                                    -3.376684017,
                                    38.439595918
                                ],
                                [
                                    -3.375012079,
                                    38.475234933
                                ],
                                [
                                    -3.326492426,
                                    38.482120834
                                ],
                                [
                                    -3.305258216,
                                    38.479276099
                                ],
                                [
                                    -3.279423514,
                                    38.460243899
                                ],
                                [
                                    -3.180024619,
                                    38.449920998
                                ],
                                [
                                    -3.138288358,
                                    38.438576763
                                ],
                                [
                                    -3.064966402,
                                    38.47824764
                                ],
                                [
                                    -3.001713376,
                                    38.408321194
                                ],
                                [
                                    -2.992227576,
                                    38.428589138
                                ],
                                [
                                    -2.99350875,
                                    38.450119398
                                ],
                                [
                                    -2.976935464,
                                    38.454893562
                                ],
                                [
                                    -2.963586361,
                                    38.471454359
                                ],
                                [
                                    -2.956583617,
                                    38.468576935
                                ],
                                [
                                    -2.938443334,
                                    38.474741993
                                ],
                                [
                                    -2.905787607,
                                    38.469907395
                                ],
                                [
                                    -2.881490146,
                                    38.452644865
                                ],
                                [
                                    -2.8797421,
                                    38.46316013
                                ],
                                [
                                    -2.860196172,
                                    38.470356833
                                ],
                                [
                                    -2.860897738,
                                    38.475134182
                                ],
                                [
                                    -2.85070702,
                                    38.474580725
                                ],
                                [
                                    -2.85426212,
                                    38.478986672
                                ],
                                [
                                    -2.840107936,
                                    38.477234268
                                ],
                                [
                                    -2.837581043,
                                    38.484368273
                                ],
                                [
                                    -2.831063862,
                                    38.476455421
                                ],
                                [
                                    -2.830831851,
                                    38.487422723
                                ],
                                [
                                    -2.823281349,
                                    38.484969256
                                ],
                                [
                                    -2.817514348,
                                    38.493828257
                                ],
                                [
                                    -2.812968255,
                                    38.491297676
                                ],
                                [
                                    -2.806595327,
                                    38.503048099
                                ],
                                [
                                    -2.792420522,
                                    38.502681223
                                ],
                                [
                                    -2.787404875,
                                    38.515532692
                                ],
                                [
                                    -2.779954956,
                                    38.509705928
                                ],
                                [
                                    -2.767698434,
                                    38.532906533
                                ],
                                [
                                    -2.70250835,
                                    38.501090673
                                ],
                                [
                                    -2.679692307,
                                    38.496921179
                                ],
                                [
                                    -2.618600135,
                                    38.512563822
                                ],
                                [
                                    -2.59174611,
                                    38.510669428
                                ],
                                [
                                    -2.566624121,
                                    38.490466359
                                ],
                                [
                                    -2.576831351,
                                    38.476499175
                                ],
                                [
                                    -2.566446844,
                                    38.460508683
                                ],
                                [
                                    -2.577905576,
                                    38.426060486
                                ],
                                [
                                    -2.571423347,
                                    38.412508373
                                ],
                                [
                                    -2.560547157,
                                    38.411030728
                                ],
                                [
                                    -2.557537216,
                                    38.403698742
                                ],
                                [
                                    -2.522452329,
                                    38.404879584
                                ],
                                [
                                    -2.506527049,
                                    38.396276231
                                ],
                                [
                                    -2.482559835,
                                    38.397143171
                                ],
                                [
                                    -2.492157701,
                                    38.37201389
                                ],
                                [
                                    -2.478001169,
                                    38.348663836
                                ],
                                [
                                    -2.485205918,
                                    38.300255579
                                ],
                                [
                                    -2.478845813,
                                    38.294099155
                                ],
                                [
                                    -2.440939662,
                                    38.285758826
                                ],
                                [
                                    -2.43443673,
                                    38.264872884
                                ],
                                [
                                    -2.446026555,
                                    38.244812559
                                ],
                                [
                                    -2.439834508,
                                    38.233507467
                                ],
                                [
                                    -2.454338553,
                                    38.215487967
                                ],
                                [
                                    -2.444624933,
                                    38.204788217
                                ],
                                [
                                    -2.445901414,
                                    38.184190695
                                ],
                                [
                                    -2.46802595,
                                    38.17318995
                                ],
                                [
                                    -2.473554234,
                                    38.155276063
                                ],
                                [
                                    -2.497635442,
                                    38.131561396
                                ],
                                [
                                    -2.512245937,
                                    38.126613223
                                ],
                                [
                                    -2.518894128,
                                    38.108693971
                                ],
                                [
                                    -2.55129647,
                                    38.084092164
                                ],
                                [
                                    -2.52256297,
                                    38.069936135
                                ],
                                [
                                    -2.504401733,
                                    38.068319853
                                ],
                                [
                                    -2.480705674,
                                    38.053111644
                                ],
                                [
                                    -2.471643831,
                                    38.056379077
                                ],
                                [
                                    -2.432112261,
                                    38.043333986
                                ],
                                [
                                    -2.423412432,
                                    38.03370209
                                ],
                                [
                                    -2.373079103,
                                    38.023278774
                                ],
                                [
                                    -2.340713474,
                                    38.025544738
                                ],
                                [
                                    -2.298473711,
                                    38.00211933
                                ],
                                [
                                    -2.298070542,
                                    37.990592118
                                ],
                                [
                                    -2.280085157,
                                    37.963118251
                                ],
                                [
                                    -2.247160873,
                                    37.934431774
                                ],
                                [
                                    -2.194889146,
                                    37.909975643
                                ],
                                [
                                    -2.172011915,
                                    37.888689381
                                ],
                                [
                                    -2.12320711,
                                    37.900448437
                                ],
                                [
                                    -2.107831179,
                                    37.88127014
                                ],
                                [
                                    -2.084571314,
                                    37.872322374
                                ],
                                [
                                    -2.070421153,
                                    37.884486779
                                ],
                                [
                                    -2.021764708,
                                    37.868510536
                                ],
                                [
                                    -2.004524725,
                                    37.880614339
                                ],
                                [
                                    -1.998876077,
                                    37.876195316
                                ],
                                [
                                    -1.994701638,
                                    37.880476876
                                ],
                                [
                                    -1.97450167,
                                    37.868469297
                                ],
                                [
                                    -1.995645105,
                                    37.840234437
                                ],
                                [
                                    -2.008835957,
                                    37.774951146
                                ],
                                [
                                    -1.995832357,
                                    37.728047273
                                ],
                                [
                                    -2.007653606,
                                    37.719792356
                                ],
                                [
                                    -2.012651232,
                                    37.700600731
                                ],
                                [
                                    -2.011813712,
                                    37.672248022
                                ],
                                [
                                    -1.992769442,
                                    37.643299527
                                ],
                                [
                                    -1.987472917,
                                    37.645192077
                                ],
                                [
                                    -1.9830694,
                                    37.638944122
                                ],
                                [
                                    -1.976788337,
                                    37.61868347
                                ],
                                [
                                    -1.955278865,
                                    37.600864465
                                ],
                                [
                                    -1.953783282,
                                    37.587953317
                                ],
                                [
                                    -1.864378131,
                                    37.486287956
                                ],
                                [
                                    -1.845261105,
                                    37.454826818
                                ],
                                [
                                    -1.808945504,
                                    37.433474422
                                ],
                                [
                                    -1.811756459,
                                    37.451556283
                                ],
                                [
                                    -1.737075127,
                                    37.442633496
                                ],
                                [
                                    -1.629800009,
                                    37.375531583
                                ],
                                [
                                    -1.644614437,
                                    37.371395868
                                ],
                                [
                                    -1.653523142,
                                    37.354151444
                                ],
                                [
                                    -1.665251604,
                                    37.358120442
                                ],
                                [
                                    -1.676983083,
                                    37.352859876
                                ],
                                [
                                    -1.707922029,
                                    37.304504341
                                ],
                                [
                                    -1.758973016,
                                    37.26304946
                                ],
                                [
                                    -1.774696126,
                                    37.239627656
                                ],
                                [
                                    -1.793306214,
                                    37.233834923
                                ],
                                [
                                    -1.800797624,
                                    37.224788335
                                ],
                                [
                                    -1.816161568,
                                    37.178737572
                                ],
                                [
                                    -1.816919376,
                                    37.186475745
                                ],
                                [
                                    -1.821923959,
                                    37.177180382
                                ],
                                [
                                    -1.833087983,
                                    37.119333097
                                ],
                                [
                                    -1.848985101,
                                    37.096330891
                                ],
                                [
                                    -1.849459181,
                                    37.068335167
                                ],
                                [
                                    -1.875583813,
                                    37.036226024
                                ],
                                [
                                    -1.877598152,
                                    37.014534245
                                ],
                                [
                                    -1.901164711,
                                    36.986875893
                                ],
                                [
                                    -1.89385762,
                                    36.973513546
                                ],
                                [
                                    -1.90078082,
                                    36.978636649
                                ],
                                [
                                    -1.895607929,
                                    36.948666819
                                ],
                                [
                                    -1.904004752,
                                    36.937448648
                                ],
                                [
                                    -1.94044935,
                                    36.93648892
                                ],
                                [
                                    -1.967394571,
                                    36.898877057
                                ],
                                [
                                    -1.980490121,
                                    36.902878326
                                ],
                                [
                                    -1.992186815,
                                    36.893689665
                                ],
                                [
                                    -2.003895915,
                                    36.880959817
                                ],
                                [
                                    -2.005867506,
                                    36.860785331
                                ],
                                [
                                    -1.995586515,
                                    36.850310885
                                ],
                                [
                                    -1.999653582,
                                    36.839872231
                                ],
                                [
                                    -2.009377261,
                                    36.834073043
                                ],
                                [
                                    -2.025401113,
                                    36.834906875
                                ],
                                [
                                    -2.05977052,
                                    36.809942885
                                ],
                                [
                                    -2.06024854,
                                    36.777739529
                                ],
                                [
                                    -2.080944884,
                                    36.765698171
                                ],
                                [
                                    -2.106535337,
                                    36.762459655
                                ],
                                [
                                    -2.106642961,
                                    36.752151339
                                ],
                                [
                                    -2.121417741,
                                    36.746160625
                                ],
                                [
                                    -2.114701155,
                                    36.737476135
                                ],
                                [
                                    -2.124256357,
                                    36.73188373
                                ],
                                [
                                    -2.193348217,
                                    36.721071326
                                ],
                                [
                                    -2.248991649,
                                    36.783546093
                                ],
                                [
                                    -2.290981547,
                                    36.81995138
                                ],
                                [
                                    -2.321155812,
                                    36.834391723
                                ],
                                [
                                    -2.361343182,
                                    36.841564369
                                ],
                                [
                                    -2.402509977,
                                    36.827870435
                                ],
                                [
                                    -2.426177203,
                                    36.810966651
                                ],
                                [
                                    -2.473941143,
                                    36.836523241
                                ],
                                [
                                    -2.464324753,
                                    36.825735564
                                ],
                                [
                                    -2.484988072,
                                    36.831930964
                                ],
                                [
                                    -2.48199414,
                                    36.835504756
                                ],
                                [
                                    -2.502788468,
                                    36.82466377
                                ],
                                [
                                    -2.561930004,
                                    36.816148846
                                ],
                                [
                                    -2.599356207,
                                    36.77548354
                                ],
                                [
                                    -2.620162522,
                                    36.72696942
                                ],
                                [
                                    -2.649783078,
                                    36.70062996
                                ],
                                [
                                    -2.700473056,
                                    36.68312293
                                ],
                                [
                                    -2.763448223,
                                    36.680686562
                                ],
                                [
                                    -2.798023154,
                                    36.696343538
                                ],
                                [
                                    -2.7911396,
                                    36.693748417
                                ],
                                [
                                    -2.788909427,
                                    36.698468937
                                ],
                                [
                                    -2.794031524,
                                    36.695575923
                                ],
                                [
                                    -2.816528217,
                                    36.706314985
                                ],
                                [
                                    -2.849100209,
                                    36.695294878
                                ],
                                [
                                    -2.859503324,
                                    36.698963973
                                ],
                                [
                                    -2.899366566,
                                    36.739504053
                                ],
                                [
                                    -2.925965865,
                                    36.752067436
                                ],
                                [
                                    -2.977632671,
                                    36.73834735
                                ],
                                [
                                    -3.022571826,
                                    36.747152121
                                ],
                                [
                                    -3.019775958,
                                    36.740671568
                                ],
                                [
                                    -3.032392818,
                                    36.747287991
                                ],
                                [
                                    -3.113848404,
                                    36.750969323
                                ],
                                [
                                    -3.132786057,
                                    36.750923558
                                ],
                                [
                                    -3.144495911,
                                    36.744029024
                                ],
                                [
                                    -3.201412303,
                                    36.750547462
                                ],
                                [
                                    -3.211970316,
                                    36.745249177
                                ],
                                [
                                    -3.25905616,
                                    36.753406362
                                ],
                                [
                                    -3.304703837,
                                    36.738298568
                                ],
                                [
                                    -3.338335217,
                                    36.738426476
                                ],
                                [
                                    -3.364677276,
                                    36.714391787
                                ],
                                [
                                    -3.402766823,
                                    36.707453332
                                ],
                                [
                                    -3.419199041,
                                    36.694273795
                                ],
                                [
                                    -3.482920616,
                                    36.697058598
                                ],
                                [
                                    -3.525875355,
                                    36.724123596
                                ],
                                [
                                    -3.514482924,
                                    36.712178127
                                ],
                                [
                                    -3.534565126,
                                    36.72170198
                                ],
                                [
                                    -3.554520929,
                                    36.71505773
                                ],
                                [
                                    -3.579647611,
                                    36.723559578
                                ],
                                [
                                    -3.602137766,
                                    36.744752969
                                ],
                                [
                                    -3.621585374,
                                    36.741076079
                                ],
                                [
                                    -3.66000718,
                                    36.746128271
                                ],
                                [
                                    -3.676270922,
                                    36.729687922
                                ],
                                [
                                    -3.718783851,
                                    36.73257532
                                ],
                                [
                                    -3.727065339,
                                    36.728557288
                                ],
                                [
                                    -3.727498013,
                                    36.719214399
                                ],
                                [
                                    -3.735358729,
                                    36.720095253
                                ],
                                [
                                    -3.735319837,
                                    36.727746674
                                ],
                                [
                                    -3.749895883,
                                    36.738026826
                                ],
                                [
                                    -3.767322782,
                                    36.729339822
                                ],
                                [
                                    -3.792163558,
                                    36.746321642
                                ],
                                [
                                    -3.835489951,
                                    36.75398027
                                ],
                                [
                                    -3.863332705,
                                    36.751524289
                                ],
                                [
                                    -3.884194256,
                                    36.740654218
                                ],
                                [
                                    -3.920692164,
                                    36.740739378
                                ],
                                [
                                    -3.957354106,
                                    36.726035257
                                ],
                                [
                                    -4.005201948,
                                    36.741191163
                                ],
                                [
                                    -4.070997038,
                                    36.746403198
                                ],
                                [
                                    -4.067300116,
                                    36.74879204
                                ],
                                [
                                    -4.083844149,
                                    36.744515342
                                ],
                                [
                                    -4.107643809,
                                    36.725910534
                                ],
                                [
                                    -4.182507615,
                                    36.714485749
                                ],
                                [
                                    -4.32713375,
                                    36.7114515
                                ],
                                [
                                    -4.396427614,
                                    36.722077993
                                ],
                                [
                                    -4.413784105,
                                    36.712470655
                                ],
                                [
                                    -4.414517941,
                                    36.698711091
                                ],
                                [
                                    -4.413790475,
                                    36.718443264
                                ],
                                [
                                    -4.423315167,
                                    36.712051644
                                ],
                                [
                                    -4.417285142,
                                    36.71234895
                                ],
                                [
                                    -4.422843182,
                                    36.710388255
                                ],
                                [
                                    -4.418219808,
                                    36.701091886
                                ],
                                [
                                    -4.427617514,
                                    36.701350971
                                ],
                                [
                                    -4.425683977,
                                    36.710002352
                                ],
                                [
                                    -4.432815384,
                                    36.702575399
                                ],
                                [
                                    -4.441074324,
                                    36.681944518
                                ],
                                [
                                    -4.477978922,
                                    36.643320457
                                ],
                                [
                                    -4.512068374,
                                    36.59270952
                                ],
                                [
                                    -4.513494555,
                                    36.597843771
                                ],
                                [
                                    -4.538834137,
                                    36.578523484
                                ],
                                [
                                    -4.558596654,
                                    36.580366329
                                ],
                                [
                                    -4.60357403,
                                    36.562914285
                                ],
                                [
                                    -4.639115059,
                                    36.50673416
                                ],
                                [
                                    -4.676040109,
                                    36.503554233
                                ],
                                [
                                    -4.694740973,
                                    36.49015727
                                ],
                                [
                                    -4.740429135,
                                    36.482619676
                                ],
                                [
                                    -4.858616233,
                                    36.507061138
                                ],
                                [
                                    -4.912025552,
                                    36.505580642
                                ],
                                [
                                    -4.93582605,
                                    36.49942229
                                ],
                                [
                                    -4.952572254,
                                    36.48322552
                                ],
                                [
                                    -4.950121134,
                                    36.48869513
                                ],
                                [
                                    -5.00626463,
                                    36.459424267
                                ],
                                [
                                    -5.033440772,
                                    36.461270884
                                ],
                                [
                                    -5.059726421,
                                    36.450022454
                                ],
                                [
                                    -5.08120555,
                                    36.450557555
                                ],
                                [
                                    -5.110264603,
                                    36.432872745
                                ],
                                [
                                    -5.140639614,
                                    36.425770339
                                ],
                                [
                                    -5.156360376,
                                    36.411891165
                                ],
                                [
                                    -5.155713377,
                                    36.416320498
                                ],
                                [
                                    -5.177357379,
                                    36.414108933
                                ],
                                [
                                    -5.219370831,
                                    36.37640269
                                ],
                                [
                                    -5.247019712,
                                    36.310967183
                                ],
                                [
                                    -5.256562257,
                                    36.310503329
                                ],
                                [
                                    -5.268474115,
                                    36.299863928
                                ],
                                [
                                    -5.269729808,
                                    36.285842177
                                ],
                                [
                                    -5.273577101,
                                    36.292123827
                                ],
                                [
                                    -5.283041611,
                                    36.288508628
                                ],
                                [
                                    -5.270612171,
                                    36.288162623
                                ],
                                [
                                    -5.296657007,
                                    36.245901989
                                ],
                                [
                                    -5.317694075,
                                    36.228027916
                                ],
                                [
                                    -5.338853519,
                                    36.152847693
                                ],
                                [
                                    -5.365070017,
                                    36.155051966
                                ],
                                [
                                    -5.367525747,
                                    36.158459964
                                ],
                                [
                                    -5.353307944,
                                    36.15712875
                                ],
                                [
                                    -5.370555805,
                                    36.169397258
                                ],
                                [
                                    -5.376556577,
                                    36.165310074
                                ],
                                [
                                    -5.386188641,
                                    36.180162639
                                ],
                                [
                                    -5.426276015,
                                    36.176128597
                                ],
                                [
                                    -5.442775456,
                                    36.158654256
                                ],
                                [
                                    -5.447264301,
                                    36.138685294
                                ],
                                [
                                    -5.444245307,
                                    36.130480584
                                ],
                                [
                                    -5.44175563,
                                    36.147575979
                                ],
                                [
                                    -5.435550339,
                                    36.148338481
                                ],
                                [
                                    -5.436282918,
                                    36.130966735
                                ],
                                [
                                    -5.443524631,
                                    36.127369054
                                ],
                                [
                                    -5.43193732,
                                    36.128016137
                                ],
                                [
                                    -5.428225478,
                                    36.147662899
                                ],
                                [
                                    -5.430056337,
                                    36.133320122
                                ],
                                [
                                    -5.422761483,
                                    36.132842521
                                ],
                                [
                                    -5.422299556,
                                    36.119895163
                                ],
                                [
                                    -5.44153527,
                                    36.121010626
                                ],
                                [
                                    -5.431127544,
                                    36.105987657
                                ],
                                [
                                    -5.440125266,
                                    36.102787698
                                ],
                                [
                                    -5.443381719,
                                    36.089597852
                                ],
                                [
                                    -5.426619422,
                                    36.082836925
                                ],
                                [
                                    -5.43047208,
                                    36.071148948
                                ],
                                [
                                    -5.464535547,
                                    36.050315476
                                ],
                                [
                                    -5.486481801,
                                    36.054543475
                                ],
                                [
                                    -5.574044023,
                                    36.015362939
                                ],
                                [
                                    -5.599569013,
                                    36.011763918
                                ],
                                [
                                    -5.60338982,
                                    36.006435961
                                ],
                                [
                                    -5.605381025,
                                    36.01031586
                                ],
                                [
                                    -5.611113576,
                                    36.000038138
                                ],
                                [
                                    -5.611140733,
                                    36.013046181
                                ],
                                [
                                    -5.652843049,
                                    36.053315443
                                ],
                                [
                                    -5.690215524,
                                    36.06776685
                                ],
                                [
                                    -5.708338037,
                                    36.059151929
                                ],
                                [
                                    -5.723960144,
                                    36.060097241
                                ],
                                [
                                    -5.774634868,
                                    36.087679066
                                ],
                                [
                                    -5.797582004,
                                    36.078034932
                                ],
                                [
                                    -5.863055732,
                                    36.148389945
                                ],
                                [
                                    -5.913325023,
                                    36.184094422
                                ],
                                [
                                    -5.934898281,
                                    36.186147988
                                ],
                                [
                                    -5.925489176,
                                    36.179311038
                                ],
                                [
                                    -5.946406048,
                                    36.186267095
                                ],
                                [
                                    -5.980737066,
                                    36.176554062
                                ],
                                [
                                    -6.020566948,
                                    36.186414868
                                ],
                                [
                                    -6.035090271,
                                    36.181553951
                                ],
                                [
                                    -6.102041561,
                                    36.283698757
                                ],
                                [
                                    -6.115941774,
                                    36.294293818
                                ],
                                [
                                    -6.142403359,
                                    36.296114619
                                ],
                                [
                                    -6.18117536,
                                    36.367262644
                                ],
                                [
                                    -6.217454668,
                                    36.392420926
                                ],
                                [
                                    -6.234773357,
                                    36.437196634
                                ],
                                [
                                    -6.248550439,
                                    36.448840857
                                ],
                                [
                                    -6.248735176,
                                    36.444842689
                                ],
                                [
                                    -6.290298101,
                                    36.525088348
                                ],
                                [
                                    -6.31746058,
                                    36.528570945
                                ],
                                [
                                    -6.30704573,
                                    36.528598019
                                ],
                                [
                                    -6.305013957,
                                    36.536767944
                                ],
                                [
                                    -6.291488918,
                                    36.537475292
                                ],
                                [
                                    -6.279971512,
                                    36.54545939
                                ],
                                [
                                    -6.292281678,
                                    36.532879327
                                ],
                                [
                                    -6.282276703,
                                    36.536601563
                                ],
                                [
                                    -6.286100779,
                                    36.531289951
                                ],
                                [
                                    -6.281101141,
                                    36.528914687
                                ],
                                [
                                    -6.272648914,
                                    36.540673827
                                ],
                                [
                                    -6.268709,
                                    36.531655653
                                ],
                                [
                                    -6.281959364,
                                    36.527469563
                                ],
                                [
                                    -6.274652356,
                                    36.524765729
                                ],
                                [
                                    -6.268732218,
                                    36.509496919
                                ],
                                [
                                    -6.260019146,
                                    36.507703778
                                ],
                                [
                                    -6.263450529,
                                    36.502781757
                                ],
                                [
                                    -6.255188152,
                                    36.501640477
                                ],
                                [
                                    -6.25659715,
                                    36.507915589
                                ],
                                [
                                    -6.254265221,
                                    36.500646886
                                ],
                                [
                                    -6.266258132,
                                    36.488680295
                                ],
                                [
                                    -6.253309265,
                                    36.467648758
                                ],
                                [
                                    -6.231492009,
                                    36.462575947
                                ],
                                [
                                    -6.211898053,
                                    36.469838447
                                ],
                                [
                                    -6.213036148,
                                    36.481387787
                                ],
                                [
                                    -6.193397516,
                                    36.486209393
                                ],
                                [
                                    -6.194074774,
                                    36.499656229
                                ],
                                [
                                    -6.175801052,
                                    36.511996989
                                ],
                                [
                                    -6.173230071,
                                    36.521438951
                                ],
                                [
                                    -6.201796183,
                                    36.528702457
                                ],
                                [
                                    -6.205687817,
                                    36.521915127
                                ],
                                [
                                    -6.196318023,
                                    36.520956992
                                ],
                                [
                                    -6.20839073,
                                    36.508669876
                                ],
                                [
                                    -6.242002916,
                                    36.506169555
                                ],
                                [
                                    -6.233259501,
                                    36.511337417
                                ],
                                [
                                    -6.245675027,
                                    36.508983276
                                ],
                                [
                                    -6.250878932,
                                    36.515608332
                                ],
                                [
                                    -6.243712321,
                                    36.518434793
                                ],
                                [
                                    -6.255657036,
                                    36.519993157
                                ],
                                [
                                    -6.259106524,
                                    36.528549571
                                ],
                                [
                                    -6.233737102,
                                    36.529082074
                                ],
                                [
                                    -6.224434782,
                                    36.565678133
                                ],
                                [
                                    -6.228942569,
                                    36.577948569
                                ],
                                [
                                    -6.239227248,
                                    36.574165984
                                ],
                                [
                                    -6.238140618,
                                    36.582824155
                                ],
                                [
                                    -6.249264242,
                                    36.572217862
                                ],
                                [
                                    -6.239724128,
                                    36.584509588
                                ],
                                [
                                    -6.253482183,
                                    36.578159123
                                ],
                                [
                                    -6.257706914,
                                    36.581263947
                                ],
                                [
                                    -6.254031533,
                                    36.577064446
                                ],
                                [
                                    -6.265901482,
                                    36.57983785
                                ],
                                [
                                    -6.280660756,
                                    36.603562576
                                ],
                                [
                                    -6.300825017,
                                    36.617759927
                                ],
                                [
                                    -6.308537038,
                                    36.61587995
                                ],
                                [
                                    -6.329208152,
                                    36.625046232
                                ],
                                [
                                    -6.327637048,
                                    36.620989642
                                ],
                                [
                                    -6.33504707,
                                    36.621034234
                                ],
                                [
                                    -6.326059155,
                                    36.610391564
                                ],
                                [
                                    -6.33546298,
                                    36.624711375
                                ],
                                [
                                    -6.343203668,
                                    36.626290525
                                ],
                                [
                                    -6.353936862,
                                    36.622025142
                                ],
                                [
                                    -6.352124276,
                                    36.61371415
                                ],
                                [
                                    -6.393817036,
                                    36.633316991
                                ],
                                [
                                    -6.398989005,
                                    36.659115651
                                ],
                                [
                                    -6.432923978,
                                    36.706885458
                                ],
                                [
                                    -6.444018014,
                                    36.736240224
                                ],
                                [
                                    -6.428499675,
                                    36.749430238
                                ],
                                [
                                    -6.429810353,
                                    36.744144945
                                ],
                                [
                                    -6.428505123,
                                    36.74818628
                                ],
                                [
                                    -6.419987768,
                                    36.745531731
                                ],
                                [
                                    -6.409279216,
                                    36.760704149
                                ],
                                [
                                    -6.395833302,
                                    36.762585384
                                ],
                                [
                                    -6.342152661,
                                    36.794295884
                                ],
                                [
                                    -6.344860183,
                                    36.799212792
                                ],
                                [
                                    -6.373707341,
                                    36.79574369
                                ],
                                [
                                    -6.392908856,
                                    36.802388779
                                ],
                                [
                                    -6.452946836,
                                    36.911732047
                                ],
                                [
                                    -6.526496276,
                                    36.980094095
                                ],
                                [
                                    -6.596877609,
                                    37.02269034
                                ],
                                [
                                    -6.777317269,
                                    37.113386723
                                ],
                                [
                                    -6.830445124,
                                    37.128634578
                                ],
                                [
                                    -6.836443801,
                                    37.131548128
                                ],
                                [
                                    -6.828068603,
                                    37.132384474
                                ],
                                [
                                    -6.89513967,
                                    37.160268635
                                ],
                                [
                                    -6.903380171,
                                    37.156303073
                                ],
                                [
                                    -6.843313608,
                                    37.125635031
                                ],
                                [
                                    -6.832661551,
                                    37.107896493
                                ],
                                [
                                    -6.855439708,
                                    37.130390839
                                ],
                                [
                                    -6.938040681,
                                    37.166557074
                                ],
                                [
                                    -6.948991806,
                                    37.163971425
                                ],
                                [
                                    -7.010052378,
                                    37.196902833
                                ],
                                [
                                    -7.041910567,
                                    37.207255824
                                ],
                                [
                                    -7.063374022,
                                    37.203581198
                                ],
                                [
                                    -7.147556242,
                                    37.207608786
                                ],
                                [
                                    -7.282073047,
                                    37.199306427
                                ],
                                [
                                    -7.318987452,
                                    37.19151637
                                ],
                                [
                                    -7.330236553,
                                    37.186264773
                                ],
                                [
                                    -7.327398273,
                                    37.180766244
                                ],
                                [
                                    -7.331824169,
                                    37.18451723
                                ],
                                [
                                    -7.371728482,
                                    37.170179062
                                ],
                                [
                                    -7.394744266,
                                    37.176698171
                                ],
                                [
                                    -7.394866307,
                                    37.166193551
                                ],
                                [
                                    -7.407280073,
                                    37.182707326
                                ],
                                [
                                    -7.413925916,
                                    37.226588349
                                ],
                                [
                                    -7.433532529,
                                    37.249736232
                                ],
                                [
                                    -7.421691247,
                                    37.273784834
                                ],
                                [
                                    -7.442177959,
                                    37.311299886
                                ],
                                [
                                    -7.444973827,
                                    37.344840239
                                ],
                                [
                                    -7.436336024,
                                    37.361357869
                                ],
                                [
                                    -7.4404766,
                                    37.391015389
                                ],
                                [
                                    -7.462706833,
                                    37.408989039
                                ],
                                [
                                    -7.445500462,
                                    37.419406152
                                ],
                                [
                                    -7.457490104,
                                    37.429286824
                                ],
                                [
                                    -7.456662307,
                                    37.452367232
                                ],
                                [
                                    -7.468801566,
                                    37.468537935
                                ],
                                [
                                    -7.463795474,
                                    37.487222538
                                ],
                                [
                                    -7.484130055,
                                    37.498275
                                ],
                                [
                                    -7.49216478,
                                    37.522169291
                                ],
                                [
                                    -7.511721352,
                                    37.52488419
                                ],
                                [
                                    -7.522686307,
                                    37.555168592
                                ]
                            ]
                        ]
                    ]
                }
            }
        ]
    }

